{
    "loss": 0.6211327910423279,
    "accuracy": 0.9482758641242981
}