{
    "loss": 2.9757843017578125,
    "accuracy": 0.7844827771186829
}